,error,freq,rate
0,8.31271035933,13280.71455908643,222.27758493705
1,8.37589515738,13280.81622100790,202.93188206021
2,8.50899053593,13280.90043125267,206.33205501095
3,7.60879532813,13281.01476226131,221.83259768022
4,9.68509799993,13281.11439052415,180.93256207933
5,8.83262114330,13281.19868686346,222.39971769200
6,7.51286397890,13281.31318583054,216.70413041218
7,9.77383108943,13281.41977407072,275.05998825439
8,9.00370205917,13281.51611941700,233.40263348493
9,11.40885140506,13281.60142838702,247.60099024494
10,7.59488700683,13281.70330644416,221.42710391810
11,12.04746892410,13281.80031307599,274.46027468596
12,8.35420987359,13281.89243171378,267.98659382096
13,9.82328702014,13282.00672859227,277.84451461921
14,9.28072889150,13282.08766688292,246.42039236645
15,8.09365523204,13282.19257182333,251.55517952259
16,10.30979372679,13282.28430020400,306.18525238774
17,8.83859398138,13282.38696530351,299.20957893843
18,10.20220550016,13282.48859015046,297.61776241428
19,8.75564638883,13282.58714542956,293.54275719793
20,8.67501717689,13282.69345921008,287.58695971530
21,9.05831334301,13282.79149906673,315.09392115758
22,9.52718151409,13282.88546781098,346.79464178851
23,9.29971890267,13282.99076357697,332.97669179589
24,9.72620648929,13283.08883440572,363.14065482283
25,11.44247576005,13283.18042216435,373.06682694251
26,9.85195852824,13283.26338419678,373.85554035324
27,9.16888102558,13283.37979276579,403.43076512546
28,14.08827501656,13283.47390289011,379.33841406192
29,10.43811130434,13283.56964606326,416.21764317122
30,8.73960551523,13283.66578321195,413.54128876573
31,18.25462442546,13283.79018213903,428.49790363073
32,10.38658719329,13283.86608906606,415.20374185576
33,9.45865723003,13283.97068641648,426.89886678745
34,8.29796919909,13284.08122797824,461.93684793211
35,5.07997691699,13284.17277109129,469.69874245511
36,3.98124455820,13284.25993791667,500.59302147713
37,5.88708162040,13284.35920375164,464.44559590160
38,6.63193779273,13284.45172281771,463.52453609416
39,8.99344599699,13284.56026911286,462.70383797214
40,9.60017593585,13284.65134891690,440.56335987756
41,9.17867989759,13284.76509337536,323.60542127017
42,8.25450510504,13284.86395116951,196.20734647051
43,7.98252472257,13284.95164174607,182.90261889016
44,6.90840453356,13285.03625055598,137.47551442685
45,7.46644630178,13285.13658737359,159.96327563910
46,7.45601312803,13285.23243112227,159.56564902417
47,6.68397742924,13285.34792001611,170.14628755859
48,7.33137711502,13285.45392813825,154.82924245620
49,8.08079935322,13285.55480014423,188.82115276133
50,7.29354009551,13285.65146612668,151.59338414949
51,9.24024858961,13285.73869917610,164.77723656897
52,6.14495455272,13285.83814426311,144.63505251510
53,8.83832465836,13285.94605425359,148.42070994364
54,6.11697138671,13286.02739738013,143.32522137182
55,7.51418126379,13286.13777588077,162.55659503832
56,7.55506974181,13286.22120076597,163.26643807373
57,6.28652135900,13286.32859561420,151.79052840909
58,7.65390685174,13286.43507915837,167.51393063133
59,7.42054757902,13286.52601784842,159.15301483594
60,6.24042764955,13286.61220487027,149.11880219927
61,6.89832573445,13286.70919517854,181.33545289199
62,5.24721751525,13286.82752273786,158.28864584559
63,6.65296114966,13286.93217437722,168.70209421889
64,5.51203391297,13287.02836308047,146.45838182759
65,5.53770885057,13287.11684280679,145.98980246247
66,4.94787470274,13287.21335643255,164.02783000879
67,3.18775921758,13287.34212112733,158.17197393258
